run,episode,mae,rmse,bias,p95_abs_error,time_spearman,sparse_pair_delta_mae,sparse_reverse_fraction,first_quarter_mae,last_quarter_mae
piperx_insert_copper_screw-frozen_both-fixed1500-seed1000-v1,11,0.02322086758340447,0.02967881540716323,0.00097977034329233,0.05855386066250502,0.8349546786302875,0.01663966073588593,0.4881889763779528,0.031719310907647014,0.02630817134559038
piperx_insert_copper_screw-frozen_both-fixed1500-seed1000-v1,23,0.026460141990355623,0.03501436931295447,0.004533522879683005,0.07301083095371723,0.7262406152719282,0.017659181787625072,0.4881889763779528,0.047160668298602104,0.016459412287076702
piperx_insert_copper_screw-frozen_both-fixed1500-seed1000-v1,40,0.022948653645471495,0.029282973421225166,-0.014219066598343488,0.06203453075140711,0.8446541384361838,0.013322094371029007,0.4566929133858268,0.022194710560142994,0.014770947182114469
piperx_insert_copper_screw-frozen_both-fixed1500-seed1000-v1,43,0.027727629983928637,0.03253467019085782,-0.021918293723501847,0.058941345196217285,0.8066688793261307,0.016167780248756248,0.47244094488188976,0.01842326414771378,0.035654793471621815
piperx_insert_copper_screw-frozen_both-fixed1500-seed1000-v1,58,0.023018531852358137,0.029848996991629538,-0.019249265433245455,0.06210131850093595,0.8243510803882073,0.013827881152470281,0.5118110236220472,0.019446146907284856,0.01122020011098357
piperx_insert_copper_screw-frozen_both-fixed1500-seed1000-v1,62,0.03205051180748342,0.03925245974717999,-0.03097592073800115,0.070913247577846,0.7838594121955687,0.014563423434756403,0.4645669291338583,0.025986237917095423,0.027306197707730462
piperx_insert_copper_screw-frozen_both-fixed1500-seed1000-v1,63,0.03290342014133785,0.03921163099237495,-0.031930910844494065,0.06967068128287791,0.8553435726057498,0.01501692717667581,0.4881889763779528,0.034628120018169284,0.030305333664728096
piperx_insert_copper_screw-frozen_both-fixed1500-seed1000-v1,84,0.03181915108916655,0.03842468416764614,-0.030330273628806026,0.07465242631733417,0.8098276414576084,0.012374625837349692,0.44881889763779526,0.03829233953729272,0.014781804815356736
piperx_insert_copper_screw-frozen_both-fixed1500-seed1000-v1,86,0.03487520871067318,0.04145067490383317,-0.03471946410218152,0.07758373171091079,0.819544268449002,0.012494007693823632,0.44881889763779526,0.03821190330199897,0.020826410598601797
piperx_insert_copper_screw-frozen_both-fixed1500-seed1000-v1,90,0.03576684612153258,0.04248777057880233,-0.035538947121949604,0.08033899143338202,0.7904745010071416,0.013065015589158365,0.4409448818897638,0.042801405070349574,0.02693646657098725
piperx_insert_copper_screw-frozen_both-fixed1500-seed1000-v1,99,0.03551191115502661,0.04141304090971126,-0.03511130903598314,0.07626903718337416,0.8265427577366782,0.014224407607762833,0.4566929133858268,0.04598883166909218,0.026561671546005527
piperx_insert_copper_screw-frozen_both-fixed1500-seed1000-v1,171,0.029687014074170293,0.035175708664477334,-0.02949478921118498,0.06304097250103949,0.8891228712689981,0.012041775748045661,0.48031496062992124,0.03861754515673965,0.01567289710692421
piperx_insert_copper_screw-frozen_both-fixed1500-seed1000-v1,180,0.020133301729856612,0.02529138438088773,-0.0166753240023354,0.041342395450919854,0.8741588079106392,0.01313681100627158,0.48031496062992124,0.02624332287814468,0.022511558016049094
piperx_insert_copper_screw-frozen_both-fixed1500-seed1000-v1,182,0.03500512863456606,0.04116056271565428,-0.03500512863456606,0.08127960003912442,0.9023473264969786,0.008935904506168614,0.4645669291338583,0.05425366305280477,0.018519129711421556
piperx_insert_copper_screw-frozen_both-fixed1500-seed1000-v1,195,0.03675829331450586,0.04267948952405694,-0.036521951089980575,0.07470882795751094,0.8590574070683025,0.01174500087774762,0.5196850393700787,0.05147860338911414,0.020680198229456437
piperx_insert_copper_screw-frozen_both-fixed1500-seed1000-v1,196,0.03461855337945963,0.04020283346529243,-0.03397849443126688,0.06877788100391626,0.7883228804248307,0.011567292516816437,0.4094488188976378,0.028796063154004514,0.022373843332388788
piperx_insert_copper_screw-frozen_both-fixed1500-seed1000-v1,205,0.02929674481447364,0.03581578286371061,-0.02719047292657706,0.06947377100586889,0.8233668284197033,0.013026795786343456,0.44881889763779526,0.038788330159150064,0.016908993520701188
piperx_insert_copper_screw-frozen_both-fixed1500-seed1000-v1,209,0.039186439174500265,0.04542733604933834,-0.037541143410180666,0.07505056541413067,0.6738520875297563,0.013197408779157604,0.5275590551181102,0.04575966636184603,0.037788767031088355
piperx_insert_copper_screw-frozen_both-fixed1500-seed1000-v1,216,0.03605193399607742,0.04250758431992117,-0.03508102142268399,0.07890429198741913,0.8630230269181468,0.012686993765432066,0.4881889763779528,0.04959379101637751,0.020993562504372676
piperx_insert_copper_screw-frozen_both-fixed1500-seed1000-v1,222,0.030370558545655513,0.03536150204148153,-0.0156722172314403,0.06048557162284851,0.5334760117194652,0.012922363740751359,0.5354330708661418,0.03961805219296366,0.04259614369584597
piperx_insert_copper_screw-frozen_both-fixed1500-seed1000-v1,230,0.019846299941036705,0.024425034155148136,-0.009996322581628192,0.049866153486073005,0.75655214246475,0.013978227834569246,0.4330708661417323,0.020207199035212398,0.025567730195689364
piperx_insert_copper_screw-frozen_both-fixed1500-seed1000-v1,242,0.02170679789605856,0.02856323906865378,-0.01856685815482706,0.07032386511564255,0.8252781084050541,0.010112602108774163,0.4566929133858268,0.03203239000868052,0.023437468511474435
piperx_insert_copper_screw-frozen_both-fixed1500-seed1000-v1,255,0.016411162663644063,0.020959470222716957,0.0046140694630594226,0.041109285410493614,0.8974088994689616,0.009138932279274455,0.4566929133858268,0.02492777514271438,0.01181923574040411
piperx_insert_copper_screw-frozen_both-fixed1500-seed1000-v1,257,0.017316423307875084,0.02325485429467472,-0.01462717905315003,0.04495027293451128,0.8925563083684307,0.009418452822229289,0.5196850393700787,0.028145139105618,0.017600897563170292
piperx_insert_copper_screw-frozen_both-fixed1500-seed1000-v1,266,0.024698224363874033,0.029253170856944465,-0.017317475177605957,0.05630119182169437,0.7006443416956601,0.012295868820657469,0.4409448818897638,0.03343602269887924,0.025991149863330065
piperx_insert_copper_screw-frozen_both-fixed1500-seed1000-v1,277,0.05391304561635479,0.06810620451934632,0.030989195656729862,0.13500168509781346,0.6630710950375389,0.017999909972170675,0.47244094488188976,0.10001475643366575,0.03164748637937009
piperx_insert_copper_screw-frozen_both-fixed1500-seed1000-v1,281,0.02647342764885252,0.03315551225438321,-0.0007843105331630795,0.07280429638922215,0.8493579472624062,0.018069820053230122,0.49606299212598426,0.03530467813834548,0.029080969830829417
piperx_insert_copper_screw-frozen_both-fixed1500-seed1000-v1,305,0.029909047940236633,0.035541036519448614,-0.019041907684368198,0.06755427159368989,0.8046431514374656,0.014459907238584334,0.47244094488188976,0.021765313344076276,0.03184555308689596
piperx_insert_copper_screw-frozen_both-fixed1500-seed1000-v1,313,0.036548374704580056,0.044677195374624695,-0.0068861131912854034,0.07744799125939605,0.8571346822926202,0.01457684024376428,0.5039370078740157,0.05130541790276766,0.04429969012562651
piperx_insert_copper_screw-frozen_both-fixed1500-seed1000-v1,314,0.034360990357527044,0.04138350567675387,-0.002447045138978865,0.07207298539578914,0.7726034609045961,0.017737851632157648,0.4881889763779528,0.0317224757745862,0.036655208765296265
piperx_insert_copper_screw-frozen_both-fixed1500-seed1000-v1,323,0.03309963006813632,0.041574868772430384,-0.021128352650521265,0.08552374243736265,0.8085916041018129,0.013552021484558039,0.41732283464566927,0.02131194481626153,0.043735409064538544
piperx_insert_copper_screw-frozen_both-fixed1500-seed1000-v1,329,0.03722443318929436,0.04730313611594159,-0.01654451623562636,0.08836158160120247,0.7371188884819629,0.015644718034882245,0.49606299212598426,0.032915323972702026,0.05503996755942353
piperx_insert_copper_screw-frozen_both-fixed1500-seed1000-v1,341,0.03668297261992848,0.04920457269244855,-0.024892642738450377,0.10392501186579466,0.6413317158029664,0.0168367135448484,0.44881889763779526,0.01840090611949563,0.04787029870567494
piperx_insert_copper_screw-frozen_both-fixed1500-seed1000-v1,357,0.09507604699319927,0.1135177164839214,0.0732665933392127,0.19265430495142935,0.6852968778611975,0.02000500170851317,0.4566929133858268,0.17647305596619844,0.04305776683031581
piperx_insert_copper_screw-frozen_both-fixed1500-seed1000-v1,362,0.04374251636181725,0.053844894607092346,0.027864895972015802,0.09936058064922687,0.8398473264969786,0.019203979353325105,0.49606299212598426,0.08025688189081848,0.0238391752645839
piperx_insert_copper_screw-frozen_both-fixed1500-seed1000-v1,391,0.07014997716214566,0.08612221592700567,0.04942235083399282,0.1552187621593475,0.6195351126167369,0.02800646117763726,0.5118110236220472,0.12670694198459387,0.03706953963410342
piperx_insert_copper_screw-frozen_both-fixed1500-seed1000-v1,418,0.030064366609167337,0.037545162648092545,-0.028316084263224184,0.07735497541725633,0.8750286119758285,0.014443172471905788,0.47244094488188976,0.047263559070415795,0.016872426132977125
piperx_insert_copper_screw-frozen_both-fixed1500-seed1000-v1,420,0.03329139450261209,0.042446016801270865,-0.03264146726041872,0.08188379816710949,0.8571747390587804,0.011963610148688,0.4881889763779528,0.05793684511445463,0.02024009608612687
piperx_insert_copper_screw-frozen_both-fixed1500-seed1000-v1,422,0.03362853685166556,0.04547714352909113,-0.03321880305657032,0.1058101952075958,0.8955720106207653,0.01289763674506639,0.5039370078740157,0.06439803238026798,0.013361429495489574
piperx_insert_copper_screw-frozen_both-fixed1500-seed1000-v1,435,0.026073241725953267,0.03434113902081272,-0.02483062108831291,0.0718292880803346,0.8699871818348288,0.011139631209946347,0.3937007874015748,0.04106698231771588,0.00654099248458806
piperx_insert_copper_screw-frozen_both-fixed1500-seed1000-v1,441,0.02936875973273345,0.040383181165953894,-0.02777325596571245,0.09088397473096844,0.8815235304889213,0.012369363920719136,0.41732283464566927,0.05403778003528714,0.013900006610128912
piperx_insert_copper_screw-frozen_both-fixed1500-seed1000-v1,450,0.026178157875165198,0.036987251799969055,-0.024601935337614123,0.07799606025218955,0.9066734572422633,0.010016114986318303,0.4409448818897638,0.053232902311719954,0.012668000073972507
piperx_insert_copper_screw-frozen_both-fixed1500-seed1000-v1,451,0.028659171866365796,0.037926026491370085,-0.028210951566052245,0.08385075591504566,0.9117778337300861,0.011503109789094117,0.41732283464566927,0.05676885263528675,0.01045190201512014
piperx_insert_copper_screw-frozen_both-fixed1500-seed1000-v1,466,0.023205321630030085,0.030890747766603117,-0.01917812465262614,0.06147321723401545,0.871251831166453,0.012453927790496762,0.5039370078740157,0.03951312287244946,0.017641595093664364
piperx_insert_copper_screw-frozen_both-fixed1500-seed1000-v1,470,0.021960969276278774,0.02860494822255566,-0.01646523225326746,0.0636948702856898,0.8785650521882439,0.014576688284186397,0.4566929133858268,0.03401450626552105,0.009254039572624606
piperx_insert_copper_screw-frozen_both-fixed1500-seed1000-v1,474,0.04094914796996818,0.05000747289531283,-0.040716818436067115,0.0979142013937234,0.8987651071232374,0.012454221987598173,0.49606299212598426,0.06637080037035048,0.01196528629407112
piperx_insert_copper_screw-frozen_both-fixed1500-seed1000-v1,484,0.06342225654952927,0.08001072623363431,0.046262985219073016,0.14271581470966338,0.8090951748763963,0.017463766463746234,0.44881889763779526,0.13157591386698186,0.033157640806166455
piperx_insert_copper_screw-frozen_both-fixed1500-seed1000-v1,489,0.039668405281190644,0.050978602295863235,0.023732152652883087,0.10333259664475915,0.8167689067936276,0.01992970571567224,0.44881889763779526,0.07439530664123595,0.022706891286361497
piperx_insert_copper_screw-frozen_both-fixed1500-seed1000-v1,497,0.028734719091517036,0.03500323883226251,-0.005354356459065457,0.07056843936443327,0.8084657114081669,0.016152900353983396,0.48031496062992124,0.03653359739109874,0.02135593386628898
piperx_insert_copper_screw-frozen_both-fixed1500-seed1000-v1,500,0.046197066567401635,0.05963735193056124,0.03668859735989827,0.11211194843053818,0.8934604468046144,0.014987652542025555,0.49606299212598426,0.09678083006292582,0.014035056650754996
piperx_insert_copper_screw-frozen_both-fixed1500-seed1000-v1,502,0.0332138550329546,0.039110157392723895,-0.001025814450258622,0.06763726994395255,0.8266800952206554,0.015468283629734216,0.4645669291338583,0.04651779402047396,0.02979619127290789
piperx_insert_copper_screw-frozen_both-fixed1500-seed1000-v1,529,0.036498250777185604,0.04319524168224182,0.006884792307573662,0.07995140142738817,0.7691814685954952,0.01978188736994905,0.48031496062992124,0.05818366212770343,0.02745448315909016
piperx_insert_copper_screw-frozen_both-fixed1500-seed1000-v1,544,0.03444364666165711,0.046019359639996024,-0.03400408801780941,0.105233234539628,0.8878353323567112,0.010711117500923281,0.4409448818897638,0.06843835045583546,0.014538744200763176
piperx_insert_copper_screw-frozen_both-fixed1500-seed1000-v1,545,0.024781913630704366,0.03667366217973903,-0.022406662337289163,0.07846893705427645,0.9008194469877311,0.0096262174944474,0.4015748031496063,0.046448321314528584,0.011172865704793367
piperx_insert_copper_screw-frozen_both-fixed1500-seed1000-v1,548,0.04120709806693412,0.051409045266509766,-0.037716377133165224,0.10379141476005316,0.7343378044314228,0.012895498806097376,0.47244094488188976,0.048203099751845,0.012707915097053046
piperx_insert_copper_screw-frozen_both-fixed1500-seed1000-v1,556,0.02386772755335187,0.033673549908488164,-0.01920823779573766,0.07403089273720978,0.8603048892144296,0.012670903246644445,0.4094488188976378,0.03975764394272119,0.012593877405379317
piperx_insert_copper_screw-frozen_language-fixed1500-seed1000-v1,11,0.01267776095392037,0.01582649126923339,0.007462582188054512,0.031295388191938396,0.9827412561801866,0.006135671788195926,0.4251968503937008,0.024281563702970743,0.006490598370874068
piperx_insert_copper_screw-frozen_language-fixed1500-seed1000-v1,23,0.028166045543002838,0.03395672697942201,0.027550489337045292,0.056897086650133134,0.9871417780626258,0.006466293681823597,0.4094488188976378,0.04235603776760399,0.005609242212813115
piperx_insert_copper_screw-frozen_language-fixed1500-seed1000-v1,40,0.014016488735251187,0.016515248418101584,0.01255496981957549,0.02821460403501987,0.9913134041384362,0.003122069333921971,0.44881889763779526,0.022074849111959338,0.0034263501620444003
piperx_insert_copper_screw-frozen_language-fixed1500-seed1000-v1,43,0.01251674369450484,0.014741330628610941,-0.00902786427650426,0.026721767801791425,0.9682063724592564,0.004919554128890901,0.3937007874015748,0.008419925114139915,0.017148534483567346
piperx_insert_copper_screw-frozen_language-fixed1500-seed1000-v1,58,0.009155528003248037,0.012290206981677008,0.008334087249750155,0.02603454403579234,0.9863005859732649,0.003201800508527305,0.36220472440944884,0.018828183878213167,0.0018460309147485532
piperx_insert_copper_screw-frozen_language-fixed1500-seed1000-v1,62,0.004402178401960555,0.00565224830817476,0.0008329460647473752,0.009969126060605049,0.9867526551913568,0.0028838103006439885,0.4251968503937008,0.0072418274357914925,0.0025909053092618706
piperx_insert_copper_screw-frozen_language-fixed1500-seed1000-v1,63,0.007126220471945999,0.008990156586240661,0.004658133199882286,0.01719845049083232,0.9774652078373924,0.003649346086775928,0.3779527559055118,0.01165983360260725,0.002780178441753378
piperx_insert_copper_screw-frozen_language-fixed1500-seed1000-v1,84,0.006341499506106629,0.007765782609117478,-0.006001712794841296,0.015268452465534208,0.990844167734847,0.002090168302864071,0.3858267716535433,0.008886933792382479,0.0028574601037689717
piperx_insert_copper_screw-frozen_language-fixed1500-seed1000-v1,86,0.006147176589820447,0.008378585875839664,-0.0054830951653457305,0.016420897096395486,0.9929385643655008,0.002829323926075237,0.36220472440944884,0.013148326193913817,0.004720622246168205
piperx_insert_copper_screw-frozen_language-fixed1500-seed1000-v1,90,0.011213165307253803,0.01275847330819432,-0.011117057823412324,0.0206793044693768,0.9769959714338032,0.0021817290891460546,0.44881889763779526,0.005628407932817936,0.010935921132841031
piperx_insert_copper_screw-frozen_language-fixed1500-seed1000-v1,99,0.009823806816257274,0.01168511249872393,-0.009812835254251695,0.022578784823417627,0.9894707928950741,0.00258856554933655,0.3858267716535433,0.014952736208215356,0.005737091703849728
piperx_insert_copper_screw-frozen_language-fixed1500-seed1000-v1,171,0.022789327235386736,0.027142059247564007,-0.022789327235386736,0.05050219893455504,0.9924006592199229,0.0026765735673270827,0.3543307086614173,0.042893917532637715,0.006638396635025856
piperx_insert_copper_screw-frozen_language-fixed1500-seed1000-v1,180,0.012476794772283029,0.013674186113411146,0.011051775740725134,0.02129291985183954,0.9761318897637795,0.0023260740746604645,0.4251968503937008,0.015606434317305684,0.005429777496829047
piperx_insert_copper_screw-frozen_language-fixed1500-seed1000-v1,182,0.012748143331464235,0.014557254740065795,-0.012748143331464235,0.025597761198878285,0.9913191265336019,0.0021256732747076063,0.4409448818897638,0.021530829486437142,0.005255500267594471
piperx_insert_copper_screw-frozen_language-fixed1500-seed1000-v1,195,0.01948423979092695,0.02444714965261812,-0.019462457611098216,0.047158310562372185,0.9873248947079287,0.0029036272977163474,0.4251968503937008,0.04183860449120402,0.0064637081250111805
piperx_insert_copper_screw-frozen_language-fixed1500-seed1000-v1,196,0.009022151034059789,0.010290958428186428,-0.0036697924674626847,0.01869616322219371,0.9569103644021241,0.002294383624084587,0.3700787401574803,0.010769732762128115,0.006716709822285338
piperx_insert_copper_screw-frozen_language-fixed1500-seed1000-v1,205,0.009659550596097688,0.012623930555226655,-0.007608560575590673,0.028425266221165656,0.9724638344625527,0.003854083069636831,0.41732283464566927,0.019594189478084445,0.003827063103017281
piperx_insert_copper_screw-frozen_language-fixed1500-seed1000-v1,209,0.006295747155945719,0.006936210465037899,-0.005616115147404344,0.011144605185836553,0.9855967313678812,0.002324308232059629,0.3779527559055118,0.006714856484904885,0.0066059916989615886
piperx_insert_copper_screw-frozen_language-fixed1500-seed1000-v1,216,0.004768610186602018,0.005808465590185905,0.001177342422579386,0.009845495410263538,0.9875652353048892,0.002238941342225225,0.36220472440944884,0.007139521301724017,0.00404889257515606
piperx_insert_copper_screw-frozen_language-fixed1500-seed1000-v1,222,0.012537502209852391,0.014423009375727845,-0.009470966170738393,0.022627061139792203,0.9655225691265334,0.0049996016286753524,0.4566929133858268,0.015366061124950647,0.01831396741545177
piperx_insert_copper_screw-frozen_language-fixed1500-seed1000-v1,230,0.010857528164251562,0.014000030699251827,0.003561305142739002,0.026577694714069365,0.9207162149789415,0.00741273018817498,0.4251968503937008,0.0129881058819592,0.003521186421494349
piperx_insert_copper_screw-frozen_language-fixed1500-seed1000-v1,242,0.008801065211173409,0.010755134126485256,-0.008284765878215694,0.018678627535700796,0.9725725599707012,0.004324597497214013,0.41732283464566927,0.008793607354164124,0.006621226961215143
piperx_insert_copper_screw-frozen_language-fixed1500-seed1000-v1,255,0.009640282294640201,0.011981937921752379,0.005554484205276822,0.022317417711019513,0.969791475920161,0.004938554348732073,0.4094488188976378,0.010956410551443696,0.005842809965542983
piperx_insert_copper_screw-frozen_language-fixed1500-seed1000-v1,257,0.004630472738881508,0.005681123742700583,-0.004103828478491778,0.009951715916395184,0.9893677897820912,0.0029331233359755965,0.3858267716535433,0.0033805270213633776,0.004720982668004581
piperx_insert_copper_screw-frozen_language-fixed1500-seed1000-v1,266,0.00809206604890278,0.009962766358388336,-0.006821329859576508,0.018825384974479664,0.9734423640358907,0.0046013191518351785,0.4251968503937008,0.009660262614488602,0.00397339297887811
piperx_insert_copper_screw-frozen_language-fixed1500-seed1000-v1,277,0.030026090717001352,0.039530834160670866,0.028762643509253394,0.06385110616683959,0.9700833180736128,0.009518188622406148,0.3779527559055118,0.049498997861519456,0.0054166071058716625
piperx_insert_copper_screw-frozen_language-fixed1500-seed1000-v1,281,0.01828901648241299,0.024995847061969983,-0.01150449086981098,0.04900362342596054,0.9758286028199964,0.007818749530138228,0.44881889763779526,0.03348796209320426,0.004982602007657988
piperx_insert_copper_screw-frozen_language-fixed1500-seed1000-v1,305,0.030027759754375438,0.03431557789184556,-0.029973810100273113,0.06482278108596796,0.991622413477385,0.005260394882469431,0.3779527559055118,0.047138326801359653,0.014423223437916022
piperx_insert_copper_screw-frozen_language-fixed1500-seed1000-v1,313,0.015583862197672715,0.018795858531615875,0.007041408975055674,0.034926792979240416,0.9895451840322286,0.005485432537815233,0.4094488188976378,0.027527209371328354,0.008502320139086805
piperx_insert_copper_screw-frozen_language-fixed1500-seed1000-v1,314,0.015057527227327228,0.01802100552797565,-0.006899925851030275,0.030802614800631994,0.9746383446255265,0.008961998890557392,0.4015748031496063,0.008373686578124762,0.013451930601149797
piperx_insert_copper_screw-frozen_language-fixed1500-seed1000-v1,323,0.029615054499117832,0.03494305291835863,-0.029530335576964717,0.05619031637907027,0.9937168101080388,0.006899098572357903,0.3937007874015748,0.04889925988391042,0.00877169919476728
piperx_insert_copper_screw-frozen_language-fixed1500-seed1000-v1,329,0.013205585245486873,0.01543520173745122,-0.01101118500901066,0.026136926189064973,0.9887039919428675,0.007024183561365436,0.4015748031496063,0.013506455346941948,0.010020286081271479
piperx_insert_copper_screw-frozen_language-fixed1500-seed1000-v1,341,0.010921379650426388,0.014563045276278328,-0.0027481527840791387,0.030822256952524184,0.9724123329060611,0.010157027424819122,0.4409448818897638,0.011543917004019022,0.007063310873490991
piperx_insert_copper_screw-frozen_language-fixed1500-seed1000-v1,357,0.036588392649719026,0.04825616280406715,0.024276559335703496,0.0982329040765762,0.9792677623145942,0.011739851129571283,0.44881889763779526,0.08264516480267048,0.01598371085128747
piperx_insert_copper_screw-frozen_language-fixed1500-seed1000-v1,362,0.02407519708867767,0.03216857935901289,0.01848822426472907,0.06785869002342222,0.9649732191906244,0.007687147765413044,0.36220472440944884,0.053131521679461,0.006931401920155622
piperx_insert_copper_screw-frozen_language-fixed1500-seed1000-v1,391,0.05977794104728673,0.07090499151658271,0.05836911465848971,0.11954677700996398,0.940303973631203,0.013610033905060272,0.4409448818897638,0.07300271233543754,0.013591842965979595
piperx_insert_copper_screw-frozen_language-fixed1500-seed1000-v1,418,0.003800524155394669,0.0048131504998297015,-0.0022751340188733593,0.008248994220048187,0.9894021241530855,0.002121491735346439,0.3937007874015748,0.0029745129868388176,0.004717496356533957
piperx_insert_copper_screw-frozen_language-fixed1500-seed1000-v1,420,0.006672306947166362,0.008188873749236701,-0.0063982371798374515,0.017547668516635886,0.9931846273576268,0.0020489742334081434,0.3779527559055118,0.012515581911429763,0.0034622508701431798
piperx_insert_copper_screw-frozen_language-fixed1500-seed1000-v1,422,0.008986259462744783,0.009924748030128666,-0.008862822841820162,0.015546754002571106,0.9882919794909357,0.0021827279289407054,0.3700787401574803,0.012583242496475577,0.006235807441044017
piperx_insert_copper_screw-frozen_language-fixed1500-seed1000-v1,435,0.003894092158134299,0.005002259717557708,0.0014257583829930809,0.010106219537556162,0.9906667734847098,0.001829012674756172,0.36220472440944884,0.00322193733882159,0.002779836619083653
piperx_insert_copper_screw-frozen_language-fixed1500-seed1000-v1,441,0.0072458318422832235,0.008488605788985158,-0.004706808056198497,0.014918922260403627,0.9549533052554477,0.003414454730594252,0.3937007874015748,0.005385649856179953,0.0054715740097890375
piperx_insert_copper_screw-frozen_language-fixed1500-seed1000-v1,450,0.0042402724989187845,0.005309720317006352,-0.00416266815363997,0.00983737176284194,0.990741164621864,0.0020059423931823002,0.3858267716535433,0.004807612509466708,0.0036672990154329455
piperx_insert_copper_screw-frozen_language-fixed1500-seed1000-v1,451,0.004012591341506777,0.00493050152908128,-0.003270406579304108,0.009374560788273811,0.9887841054751875,0.0021924601838462,0.4409448818897638,0.005144404363818467,0.00176020300386881
piperx_insert_copper_screw-frozen_language-fixed1500-seed1000-v1,466,0.009474874381794507,0.012513442431743276,0.008488024269809102,0.02631551418453454,0.9568760300311298,0.0037446789054830713,0.41732283464566927,0.007301311008632183,0.0038394923703890527
piperx_insert_copper_screw-frozen_language-fixed1500-seed1000-v1,470,0.013584141379851644,0.015670471039969974,0.013280204664170014,0.02522948458790779,0.9870673869254715,0.0019025833595280102,0.3937007874015748,0.02203532645944506,0.004754997820782592
piperx_insert_copper_screw-frozen_language-fixed1500-seed1000-v1,474,0.006635034049850219,0.0076644398664460775,-0.006635034049850219,0.01237687701359391,0.9929557315509978,0.002062593762740845,0.33070866141732286,0.006945397821255028,0.004702566135165398
piperx_insert_copper_screw-frozen_language-fixed1500-seed1000-v1,484,0.03844524801388616,0.04873732362982515,0.03399601609999081,0.09051577821373939,0.9861289141182933,0.006002737803193998,0.3858267716535433,0.07783926604315639,0.00896412567817606
piperx_insert_copper_screw-frozen_language-fixed1500-seed1000-v1,489,0.032583939011601615,0.038338283010813476,0.03212435852219642,0.07208437621593475,0.9833363852774217,0.007649650452585202,0.4409448818897638,0.046850671991705894,0.007131026293791365
piperx_insert_copper_screw-frozen_language-fixed1500-seed1000-v1,497,0.00808459010477236,0.010207927951908707,-0.001176848740215064,0.01960095763206481,0.9904607672587439,0.005567463166190414,0.3779527559055118,0.010033475700765848,0.008088597074674908
piperx_insert_copper_screw-frozen_language-fixed1500-seed1000-v1,500,0.02203977330646012,0.027760643602669874,0.02041507782996632,0.0571640402078628,0.9836167826405419,0.007996770912620027,0.4251968503937008,0.04151590587571263,0.006963898485992104
piperx_insert_copper_screw-frozen_language-fixed1500-seed1000-v1,502,0.013608732129796408,0.02010005564065212,0.01267081966943806,0.03850157409906385,0.9722234938655923,0.0064929101806808645,0.3700787401574803,0.023332989774644375,0.0044271539081819355
piperx_insert_copper_screw-frozen_language-fixed1500-seed1000-v1,529,0.012765845395733777,0.015244712329306173,0.0004982977452527848,0.028288862854242324,0.984560977842886,0.005719405276275526,0.3543307086614173,0.013551742769777775,0.012890197085653199
piperx_insert_copper_screw-frozen_language-fixed1500-seed1000-v1,544,0.012104125016321632,0.01399568259733618,-0.01200195265801085,0.02245071455836296,0.9875652353048892,0.0026954370074150132,0.4251968503937008,0.017497740453109145,0.0027517486869328422
piperx_insert_copper_screw-frozen_language-fixed1500-seed1000-v1,545,0.003678979682717909,0.0044943853048573686,-0.002664008959527564,0.008087632991373538,0.9884636513459073,0.0023107968534775607,0.3464566929133858,0.005158681538887322,0.0030970275820436655
piperx_insert_copper_screw-frozen_language-fixed1500-seed1000-v1,548,0.005831835041590239,0.007460602051727576,-0.004607934511568601,0.015116203483194111,0.9881260300311299,0.002581229668081276,0.4251968503937008,0.0023507806472480297,0.005023840201829444
piperx_insert_copper_screw-frozen_language-fixed1500-seed1000-v1,556,0.005350454769995849,0.007382000192897779,0.0035259525307083095,0.016950054466724394,0.9829129280351582,0.002739249889951522,0.3779527559055118,0.009980856208130717,0.0028335210863588145
piperx_insert_copper_screw-full-fixed1500-seed1000-v1,11,0.01130681428094249,0.014311046324326874,0.0004418617036208161,0.029103841632604592,0.9801661783556125,0.006097281256353292,0.4566929133858268,0.019626012071967125,0.006975278662139317
piperx_insert_copper_screw-full-fixed1500-seed1000-v1,23,0.030669472954286903,0.0362457632329443,0.029779002627947193,0.06526689119637012,0.9840917414392968,0.005812494843230238,0.4566929133858268,0.04867385094985366,0.007656065350602148
piperx_insert_copper_screw-full-fixed1500-seed1000-v1,40,0.015335989967752539,0.018839913549078713,0.014034091788744263,0.03395654335618019,0.9893735121772569,0.003401484457761284,0.4566929133858268,0.028047016356140375,0.0032159504371520597
piperx_insert_copper_screw-full-fixed1500-seed1000-v1,43,0.013804076066662674,0.016055955832825677,-0.01257109100879461,0.02737621814012527,0.9733794176890679,0.005145598628272222,0.4251968503937008,0.00586122227832675,0.017929892062966246
piperx_insert_copper_screw-full-fixed1500-seed1000-v1,58,0.013574136572060524,0.017405088943983616,0.013309523479620111,0.03569354116916656,0.9876339040468778,0.0027631067480217283,0.41732283464566927,0.027986757922917604,0.002638484140334185
piperx_insert_copper_screw-full-fixed1500-seed1000-v1,62,0.006653122899024311,0.009654197201197779,0.0053630221623279795,0.019277369976043696,0.9806697491301958,0.0026291101166289153,0.3779527559055118,0.016444991575554013,0.0021283665719238343
piperx_insert_copper_screw-full-fixed1500-seed1000-v1,63,0.00955953005450283,0.011725169220730063,0.0079184002652255,0.022118136286735528,0.9805095220655557,0.003825282249013035,0.3937007874015748,0.015228369273245335,0.002746241236309288
piperx_insert_copper_screw-full-fixed1500-seed1000-v1,84,0.0056967259156408545,0.007313827741300796,-0.0049903279000318435,0.014211807772517201,0.9878170206921808,0.0023600643713349904,0.33858267716535434,0.004972310969606042,0.002367200622757082
piperx_insert_copper_screw-full-fixed1500-seed1000-v1,86,0.005533748072139133,0.007157861765903985,-0.0046593990978180955,0.012417721375822999,0.9900373100164803,0.0026072942593142272,0.3779527559055118,0.009132076054811478,0.004091597214937792
piperx_insert_copper_screw-full-fixed1500-seed1000-v1,90,0.010471003056863992,0.011957070310779179,-0.01040501338093236,0.01953566437587142,0.9878685222486723,0.0021685230707031065,0.4409448818897638,0.004841340705752373,0.010768563193778391
piperx_insert_copper_screw-full-fixed1500-seed1000-v1,99,0.011912082605249452,0.013113763538209294,-0.011912082605249452,0.02013462409377098,0.9928355612525178,0.00253440130604651,0.3858267716535433,0.015729526057839394,0.006097034636695753
piperx_insert_copper_screw-full-fixed1500-seed1000-v1,171,0.022478430368664704,0.025985693238217297,-0.022478430368664704,0.047703650966286655,0.9904550448635782,0.0024836979564425983,0.3464566929133858,0.03911608085036278,0.00747581546784204
piperx_insert_copper_screw-full-fixed1500-seed1000-v1,180,0.013234745639692846,0.014393435023821668,0.011857008545575809,0.022090337797999376,0.9773107031679179,0.0017445829264291627,0.33070866141732286,0.017117606475949287,0.005232501693171798
piperx_insert_copper_screw-full-fixed1500-seed1000-v1,182,0.009641443595228338,0.010746805810092602,-0.009640391491757327,0.0170491898432374,0.9823635780992492,0.0017249689760111917,0.3543307086614173,0.013290123199112713,0.0053283258366718655
piperx_insert_copper_screw-full-fixed1500-seed1000-v1,195,0.01383354035397133,0.015887551044087154,-0.013783623064682615,0.027538287267088884,0.991153177073796,0.00225088692556216,0.41732283464566927,0.02419323823414743,0.005578396465352853
piperx_insert_copper_screw-full-fixed1500-seed1000-v1,196,0.006933368565569253,0.008660002291493081,0.0017240730544472171,0.016757890209555624,0.9914278520417504,0.0018583399474650152,0.3464566929133858,0.014376547187566757,0.004932324101901031
piperx_insert_copper_screw-full-fixed1500-seed1000-v1,205,0.007655733402771148,0.00911805360475103,-0.0052300511665634986,0.017139199189841747,0.9650132759567844,0.0037968794001251695,0.4015748031496063,0.011204088921658695,0.0041957530465879245
piperx_insert_copper_screw-full-fixed1500-seed1000-v1,209,0.007055093577491789,0.008104100797082743,-0.006848472854017018,0.012636309582740066,0.9836053378502105,0.002642612779645,0.4251968503937008,0.006988596636801958,0.007954538972626324
piperx_insert_copper_screw-full-fixed1500-seed1000-v1,216,0.005967815108760988,0.007123532035166231,-0.0051951444552287285,0.01236252672970295,0.9891560611609594,0.002617565621658573,0.4015748031496063,0.007539944723248482,0.003703664087879588
piperx_insert_copper_screw-full-fixed1500-seed1000-v1,222,0.012340920357928553,0.014370032338545047,-0.010430493354760983,0.024776687845587717,0.9646870994323384,0.004735288091047894,0.3858267716535433,0.01665746932849288,0.014195011488482123
piperx_insert_copper_screw-full-fixed1500-seed1000-v1,230,0.010552544257279806,0.0132000163965706,0.0018174027850363927,0.024351480975747106,0.9282869437831898,0.007808821493994415,0.4645669291338583,0.01181618869304657,0.004710202489150106
piperx_insert_copper_screw-full-fixed1500-seed1000-v1,242,0.009433521915070742,0.011604070636972465,-0.009289531470585644,0.021658264845609662,0.9743865592382347,0.004698553654240576,0.41732283464566927,0.011241225060075521,0.0058283479756937595
piperx_insert_copper_screw-full-fixed1500-seed1000-v1,255,0.01074099879951973,0.013405491598273304,0.008424628371358267,0.024613637849688525,0.9747642373191722,0.0046262205101725625,0.4409448818897638,0.016852070344612002,0.004408845161378849
piperx_insert_copper_screw-full-fixed1500-seed1000-v1,257,0.006046456050626148,0.00737900204654262,-0.004557924285563786,0.01433675196021795,0.9871360556674601,0.0028985148391092387,0.4251968503937008,0.002819634974002838,0.004048933269586996
piperx_insert_copper_screw-full-fixed1500-seed1000-v1,266,0.0076015050231035275,0.01038495557677662,-0.005685603392976191,0.0222051122225821,0.9560977842885918,0.004814357870793718,0.44881889763779526,0.003827266627922654,0.003184160252203583
piperx_insert_copper_screw-full-fixed1500-seed1000-v1,277,0.030261659856478218,0.03993314367873605,0.028207618968735915,0.0698336903005838,0.9625297564548616,0.009251310365406547,0.36220472440944884,0.05826605670154095,0.005727748299250379
piperx_insert_copper_screw-full-fixed1500-seed1000-v1,281,0.014913672274815326,0.020828721451089167,-0.0008624234023955069,0.04651934392750263,0.9796797747665262,0.007535934781904999,0.3937007874015748,0.023870844393968582,0.004469135714316508
piperx_insert_copper_screw-full-fixed1500-seed1000-v1,305,0.02897604588906688,0.03292041416442198,-0.02897604588906688,0.05736731961369513,0.990741164621864,0.005686762170704801,0.3779527559055118,0.0458011943846941,0.012401183448673692
piperx_insert_copper_screw-full-fixed1500-seed1000-v1,313,0.016157407739228802,0.018873832048121077,-0.0017201478658535052,0.032217420265078546,0.9915365775498993,0.005354205601093337,0.4251968503937008,0.02248009294271469,0.014125936970231123
piperx_insert_copper_screw-full-fixed1500-seed1000-v1,314,0.013612580227345461,0.016439781352932357,-0.007868374206736917,0.02901515420526265,0.9742206097784286,0.008837694584531344,0.4645669291338583,0.010406465269625187,0.014652255471446551
piperx_insert_copper_screw-full-fixed1500-seed1000-v1,323,0.020924846211528347,0.02368594294170467,-0.02084503949208738,0.03774854615330696,0.995021516205823,0.005401011714051793,0.4015748031496063,0.028583968989551067,0.00826965891974396
piperx_insert_copper_screw-full-fixed1500-seed1000-v1,329,0.01227062210909935,0.014999913019316398,-0.010447388202919683,0.03279947862029075,0.9864779802234022,0.00603337091665099,0.4251968503937008,0.0130290063098073,0.009595453073416138
piperx_insert_copper_screw-full-fixed1500-seed1000-v1,341,0.010755210115348746,0.014024412262161999,-0.002475236634381872,0.027700276672840116,0.9765038454495515,0.009447398415847323,0.4094488188976378,0.010000498034060001,0.00835246949645807
piperx_insert_copper_screw-full-fixed1500-seed1000-v1,357,0.03853584815078648,0.05027788785771249,0.029449351473886054,0.09124370068311691,0.9720632668009521,0.013384527321464904,0.48031496062992124,0.08180217770859599,0.011076673428760841
piperx_insert_copper_screw-full-fixed1500-seed1000-v1,362,0.02574432877736399,0.03321517881217492,0.022449889809649903,0.06359641999006271,0.9764637886833912,0.007902562082928466,0.3937007874015748,0.05096211703494191,0.006270499579841271
piperx_insert_copper_screw-full-fixed1500-seed1000-v1,391,0.059316901164493174,0.07033542706071448,0.057514104822985246,0.11367479935288427,0.9303985075993406,0.011276393659471527,0.41732283464566927,0.07892125239595771,0.012225632650370244
piperx_insert_copper_screw-full-fixed1500-seed1000-v1,418,0.003371104402049241,0.004156909929151703,-0.0017030323001563374,0.007990897074341774,0.9944664438747481,0.0020765275547764903,0.4094488188976378,0.0031725545413792133,0.004243544799464871
piperx_insert_copper_screw-full-fixed1500-seed1000-v1,420,0.006235330326035182,0.007150753510660501,-0.006120599453879549,0.01145177911967039,0.9942947720197766,0.0018995565538272613,0.4094488188976378,0.009286272805184126,0.0027583335340750637
piperx_insert_copper_screw-full-fixed1500-seed1000-v1,422,0.01014960415841415,0.011165906808142128,-0.01014960415841415,0.01718864906579256,0.9897111334920344,0.0022139023864773785,0.36220472440944884,0.013503119582310319,0.006488463657660759
piperx_insert_copper_screw-full-fixed1500-seed1000-v1,435,0.0030436172814916063,0.003802353165760043,-0.00017047191022356856,0.006419739965349434,0.9923434352682657,0.0016841992596531008,0.33070866141732286,0.003199626924470067,0.002472584716088022
piperx_insert_copper_screw-full-fixed1500-seed1000-v1,441,0.00552373962227648,0.00678243938338956,-0.0027167445364284504,0.011736156698316335,0.9654424555942135,0.003253952952057827,0.4251968503937008,0.0037270733155310154,0.004489670651310007
piperx_insert_copper_screw-full-fixed1500-seed1000-v1,450,0.003901939553088596,0.004906018508099611,-0.0038212259291867667,0.009274530876427886,0.9928069492766892,0.001863238152380534,0.4015748031496063,0.003964967327192426,0.0032979910811263835
piperx_insert_copper_screw-full-fixed1500-seed1000-v1,451,0.00451468222809126,0.005450615764170067,-0.004085441692495806,0.009487665817141527,0.9894593481047426,0.0018129105547692362,0.4015748031496063,0.0057851888705044985,0.0018894886216003215
piperx_insert_copper_screw-full-fixed1500-seed1000-v1,466,0.008981490171663609,0.011873942618586526,0.007836329883048165,0.025523752346634853,0.9575398278703533,0.003534713822350962,0.4330708661417323,0.0077198108192533255,0.0035974192378489533
piperx_insert_copper_screw-full-fixed1500-seed1000-v1,470,0.01331913695730691,0.015605902736596813,0.013041429865097598,0.02822613567113876,0.9904893792345725,0.0016365814147385087,0.4094488188976378,0.02487016038503498,0.00475986256969918
piperx_insert_copper_screw-full-fixed1500-seed1000-v1,474,0.00588708302939267,0.007109616621042736,-0.005847861485108297,0.012365689780563115,0.9890072788866507,0.0016924915725262616,0.3228346456692913,0.005843136226758361,0.004163199877439183
piperx_insert_copper_screw-full-fixed1500-seed1000-v1,484,0.03291880696633598,0.04231214731901541,0.026927949547825847,0.07315893992781639,0.9723894433253981,0.007041091752040574,0.41732283464566927,0.06370302988216281,0.009190209064399824
piperx_insert_copper_screw-full-fixed1500-seed1000-v1,489,0.03438268403442635,0.04044303679453279,0.03409362460479315,0.0753946419805288,0.9785982420802048,0.007077507425363608,0.4094488188976378,0.04623996978625655,0.007176987572165672
piperx_insert_copper_screw-full-fixed1500-seed1000-v1,497,0.012292155757677392,0.016309999233756603,0.007083772054102155,0.03351050093770026,0.983307773301593,0.0061290991221239245,0.4094488188976378,0.020817012526094913,0.006432475151086692
piperx_insert_copper_screw-full-fixed1500-seed1000-v1,500,0.023102546419977443,0.02913327907983046,0.020066618435521377,0.06362509280443188,0.9765954037722029,0.009776953307134429,0.4251968503937008,0.04215956851840019,0.009064589699846692
piperx_insert_copper_screw-full-fixed1500-seed1000-v1,502,0.013260281797556672,0.019878073983186046,0.01155971192929428,0.027895809710025785,0.9694996337667093,0.0064717748525046455,0.3858267716535433,0.02381256315857172,0.004611920710885897
piperx_insert_copper_screw-full-fixed1500-seed1000-v1,529,0.013403983043644985,0.016030917637599573,0.002351883959818224,0.031026071310043334,0.9843320820362569,0.006138204178941531,0.4094488188976378,0.012334116734564304,0.012548209921078524
piperx_insert_copper_screw-full-fixed1500-seed1000-v1,544,0.009868952288798027,0.011590547148733808,-0.009839079935318296,0.018027984257787465,0.9850359366416406,0.0022502380907242223,0.3779527559055118,0.013347911997698247,0.002138448717232677
piperx_insert_copper_screw-full-fixed1500-seed1000-v1,545,0.0029444501446960203,0.00394414526548333,0.00044565596590473433,0.008039266616106032,0.9880459164988097,0.0017561053483211618,0.31496062992125984,0.003684137831442058,0.002502822679161909
piperx_insert_copper_screw-full-fixed1500-seed1000-v1,548,0.005306666814703931,0.006623358857213971,-0.0019484949693833187,0.012760163750499485,0.9867183208203625,0.0021441366164175074,0.4015748031496063,0.004889729432761669,0.0049817408853414236
piperx_insert_copper_screw-full-fixed1500-seed1000-v1,556,0.0052828356433565204,0.0072966609656018476,0.0042016883803626115,0.015427447855472556,0.9824265244460721,0.0026199679755730424,0.4015748031496063,0.008913630153983831,0.0022777204922022065
piperx_insert_copper_screw-task_only-fixed1500-seed1000-v1,11,0.016777235282461334,0.021578676226701572,0.01619546390884352,0.04288851171731946,0.9810588720014649,0.005442730165783345,0.4409448818897638,0.03454192401841283,0.0028531524403661024
piperx_insert_copper_screw-task_only-fixed1500-seed1000-v1,23,0.03401696080163674,0.039486306751795305,0.033796328375501616,0.06953855156898497,0.9861403589086247,0.004748143626039657,0.4251968503937008,0.05473377020098269,0.00879686008192948
piperx_insert_copper_screw-task_only-fixed1500-seed1000-v1,40,0.020865847423010564,0.025476559668482782,0.019968143190453702,0.04333210699260234,0.9916281358725506,0.00243980788779775,0.3858267716535433,0.04066585935652256,0.0029123532331141178
piperx_insert_copper_screw-task_only-fixed1500-seed1000-v1,43,0.012895614543595002,0.015066719470845685,-0.005973643792458461,0.028161290287971468,0.967130562168101,0.004212020038385091,0.4094488188976378,0.013567577814683318,0.015717906739155296
piperx_insert_copper_screw-task_only-fixed1500-seed1000-v1,58,0.007884796561484109,0.010469373760452524,0.006610519094465417,0.02190774045884606,0.9908041109686869,0.0029202476143836975,0.41732283464566927,0.01477651298046112,0.0020166811227682047
piperx_insert_copper_screw-task_only-fixed1500-seed1000-v1,62,0.004280535144516762,0.005912767628882888,0.0020293648226470395,0.011146412603557107,0.9869243270463286,0.0025248924475603216,0.4330708661417323,0.007602873491123319,0.0026432448812556686
piperx_insert_copper_screw-task_only-fixed1500-seed1000-v1,63,0.006298134415374079,0.007725762249267455,0.004370858406218758,0.01465695723891258,0.9883720930232557,0.003921342423317704,0.4094488188976378,0.007790010888129473,0.00243114251861698
piperx_insert_copper_screw-task_only-fixed1500-seed1000-v1,84,0.008785398590134719,0.010676280855537963,-0.008574317108013929,0.018108288757503033,0.989659631935543,0.0028635818459914896,0.3779527559055118,0.013088061241433024,0.002740051482760464
piperx_insert_copper_screw-task_only-fixed1500-seed1000-v1,86,0.005635936626731564,0.007500269560377982,-0.004708861115886975,0.014771091565489766,0.9911760666544589,0.0026135615359141134,0.4015748031496063,0.010724819265305996,0.003218057152480469
piperx_insert_copper_screw-task_only-fixed1500-seed1000-v1,90,0.01221809937078433,0.01298301984303639,-0.01221809937078433,0.019028822332620616,0.9912447353964475,0.0018971688004107926,0.3858267716535433,0.01089128921739757,0.008863369903338025
piperx_insert_copper_screw-task_only-fixed1500-seed1000-v1,99,0.012353180579793843,0.014231653035820399,-0.012353180579793843,0.02518482822924851,0.9888756637978392,0.0026364604187175985,0.3543307086614173,0.01719960244372487,0.005662369976562331
piperx_insert_copper_screw-task_only-fixed1500-seed1000-v1,171,0.018599515031837655,0.02170605051628782,-0.018599515031837655,0.0388167142868042,0.9947582860281999,0.0023786854658891837,0.33858267716535434,0.034059208584949374,0.005661248900651117
piperx_insert_copper_screw-task_only-fixed1500-seed1000-v1,180,0.01154194174296208,0.01257041953981486,0.010244992181924317,0.018175763729959726,0.9779802234023073,0.0019511118692558582,0.3464566929133858,0.012899483437649906,0.0051391097131272545
piperx_insert_copper_screw-task_only-fixed1500-seed1000-v1,182,0.010784075120227499,0.01192300020049959,-0.01077571551059009,0.01933390274643898,0.9894650704999084,0.0019809939553887827,0.4094488188976378,0.01677452784497291,0.005250841573797516
piperx_insert_copper_screw-task_only-fixed1500-seed1000-v1,195,0.015170797284099535,0.01735475247939587,-0.015169390725077392,0.027979685738682748,0.9895165720563998,0.00235207903558227,0.4015748031496063,0.024144877213984728,0.005585406152022188
piperx_insert_copper_screw-task_only-fixed1500-seed1000-v1,196,0.0064239765902129875,0.007411300387946116,-0.0017365672661071585,0.013680376484990106,0.9898313037905144,0.0019130714047025507,0.3858267716535433,0.008868133649230003,0.005333310682544834
piperx_insert_copper_screw-task_only-fixed1500-seed1000-v1,205,0.007342263619193545,0.009214385440161142,-0.0057269366511718545,0.02022174969315528,0.9745696758835378,0.0037043233233408665,0.4015748031496063,0.011902710422873497,0.004019599464299972
piperx_insert_copper_screw-task_only-fixed1500-seed1000-v1,209,0.007103519422798854,0.008085550312711772,-0.006142839174117398,0.012824524380266666,0.9804522981138986,0.00295049744093512,0.3700787401574803,0.009710024343803525,0.007116197708455729
piperx_insert_copper_screw-task_only-fixed1500-seed1000-v1,216,0.004353365999577363,0.005241430054918482,-0.0002991486840073776,0.010051412507891653,0.9872276139901117,0.0023784633784547566,0.3858267716535433,0.00572327128611505,0.004076945277120103
piperx_insert_copper_screw-task_only-fixed1500-seed1000-v1,222,0.012174131791653053,0.013885176174475771,-0.00984756070010917,0.02155929482541978,0.9646756546420068,0.004205381305242969,0.4409448818897638,0.01477430248633027,0.015883338721323526
piperx_insert_copper_screw-task_only-fixed1500-seed1000-v1,230,0.011240047873343428,0.014326686273630006,0.0006380135259860253,0.025978075154125688,0.9178950741622413,0.008611552167947836,0.4251968503937008,0.012903269613161683,0.005605144795481465
piperx_insert_copper_screw-task_only-fixed1500-seed1000-v1,242,0.008087138602149935,0.01029850466280608,-0.008010551348434092,0.021128195896744726,0.9754280351583958,0.0036680029969163768,0.4015748031496063,0.007998582907021046,0.004780195480634575
piperx_insert_copper_screw-task_only-fixed1500-seed1000-v1,255,0.009069023339179694,0.011556033720724907,0.00431878072595282,0.02056711809709667,0.9613681102362205,0.005290193457567082,0.4645669291338583,0.010030950885266066,0.004841771871724632
piperx_insert_copper_screw-task_only-fixed1500-seed1000-v1,257,0.00469302189821974,0.005748890206271407,-0.0018404008174002229,0.01040691435337066,0.9879257462003295,0.002488202283408229,0.3700787401574803,0.005047393497079611,0.00456626772393065
piperx_insert_copper_screw-task_only-fixed1500-seed1000-v1,266,0.007366759081833152,0.010164667086767262,-0.004750146266360389,0.02002724166959524,0.9494311939205272,0.005027836111674863,0.3858267716535433,0.004380033118650317,0.002811203614328406
piperx_insert_copper_screw-task_only-fixed1500-seed1000-v1,277,0.031319061392423464,0.04389063592162803,0.02951537249100511,0.08062784075736995,0.9406358725508148,0.010040977419772017,0.4409448818897638,0.04801098594907671,0.006234958578716032
piperx_insert_copper_screw-task_only-fixed1500-seed1000-v1,281,0.01844086275286827,0.02446056310888848,-0.015131608538467844,0.05037181973457332,0.9793707654275774,0.007451507534215769,0.44881889763779526,0.0335504817776382,0.006803885622503003
piperx_insert_copper_screw-task_only-fixed1500-seed1000-v1,305,0.03446229559813219,0.039186580589819685,-0.03446229559813219,0.06856023594737053,0.9944549990844166,0.005497349099820759,0.4094488188976378,0.05935158347710967,0.015164213873504195
piperx_insert_copper_screw-task_only-fixed1500-seed1000-v1,313,0.015264490673871478,0.019147520124633662,0.005002302092179889,0.03805430978536606,0.9873248947079287,0.005441946325838331,0.4330708661417323,0.028987031430006027,0.005907844737521373
piperx_insert_copper_screw-task_only-fixed1500-seed1000-v1,314,0.017055851702025393,0.020913540003681487,-0.005922789689066121,0.038132003881037234,0.9542151162790697,0.00780721494238677,0.3937007874015748,0.010738281067460775,0.016070264406153
piperx_insert_copper_screw-task_only-fixed1500-seed1000-v1,323,0.024256480711301265,0.027271426896013282,-0.024224607593168912,0.042359663546085356,0.9944664438747481,0.005336781890373531,0.33858267716535434,0.036024896427989006,0.009843463190918555
piperx_insert_copper_screw-task_only-fixed1500-seed1000-v1,329,0.010630026333274145,0.013152668768474023,-0.00800745083415677,0.025281362421810626,0.9882404779344441,0.0056480460572899795,0.3937007874015748,0.010195162147283554,0.01142202534902026
piperx_insert_copper_screw-task_only-fixed1500-seed1000-v1,341,0.009679989890173601,0.013187935958832662,-0.002890357166506874,0.02684349492192268,0.9782434535799304,0.008233319586656225,0.4251968503937008,0.010812320979312062,0.0066176308355352376
piperx_insert_copper_screw-task_only-fixed1500-seed1000-v1,357,0.03412589113577269,0.04439721729389249,0.02398103559971787,0.08427006304264066,0.9777742171763412,0.011802617827151704,0.4645669291338583,0.07127065630629659,0.010087120463140309
piperx_insert_copper_screw-task_only-fixed1500-seed1000-v1,362,0.02473420896785683,0.03243667949048404,0.021435920763906324,0.0629777655005455,0.9806354147592015,0.006463591907701389,0.4330708661417323,0.05114248348399997,0.006371880750521086
piperx_insert_copper_screw-task_only-fixed1500-seed1000-v1,391,0.05047909783934301,0.06058845368941519,0.0491167098571168,0.1005205001682043,0.9604925837758653,0.01217807810313589,0.4645669291338583,0.06221897900104523,0.011991032668447588
piperx_insert_copper_screw-task_only-fixed1500-seed1000-v1,418,0.0031144735735324502,0.0041388917780768395,-0.0005248793208920688,0.008491190709173677,0.9898885277421717,0.002216983942212317,0.4015748031496063,0.0031710301991552114,0.0041639059363660635
piperx_insert_copper_screw-task_only-fixed1500-seed1000-v1,420,0.007523085853335942,0.008722781693490172,-0.007475505929050996,0.014073190093040465,0.9927039461637063,0.0019975782768052864,0.4251968503937008,0.010571482591331005,0.002668043789526564
piperx_insert_copper_screw-task_only-fixed1500-seed1000-v1,422,0.009328859397555789,0.010505345400902826,-0.009285701851240447,0.01694078417494893,0.9870845541109685,0.0023079609175718674,0.3937007874015748,0.013883307576179504,0.00620545157835295
piperx_insert_copper_screw-task_only-fixed1500-seed1000-v1,435,0.002979271280764806,0.003747283867460409,0.0005287946191856463,0.006923323683440684,0.9932189617286211,0.0019355934648591234,0.36220472440944884,0.0021353226620703936,0.0025586606625438435
piperx_insert_copper_screw-task_only-fixed1500-seed1000-v1,441,0.006004269616369129,0.007238290445659681,-0.003601441104819969,0.013338246569037432,0.9649274400292988,0.0031658743515493365,0.4330708661417323,0.0057996781542897224,0.003910035082299146
piperx_insert_copper_screw-task_only-fixed1500-seed1000-v1,450,0.005228855826771905,0.006333422009882849,-0.004735533604161901,0.011094385012984275,0.9929213971800035,0.0017954344736544165,0.33070866141732286,0.008430546266026795,0.00257089037586411
piperx_insert_copper_screw-task_only-fixed1500-seed1000-v1,451,0.006292256753567926,0.007506680360874703,-0.005976546957299433,0.012459044903516767,0.9920401483244826,0.0020644795406228444,0.4330708661417323,0.009264288004487753,0.0018608165901241591
piperx_insert_copper_screw-task_only-fixed1500-seed1000-v1,466,0.009644015130561456,0.01190535480356334,0.00863047585289678,0.024579421803355213,0.9671076725874382,0.0033531086042699384,0.4015748031496063,0.009682709467597306,0.0035531166304281214
piperx_insert_copper_screw-task_only-fixed1500-seed1000-v1,470,0.012949575303082383,0.014813474293563007,0.012679241862770141,0.023814102075994013,0.990271928218275,0.001821458207692687,0.3700787401574803,0.020967994700185955,0.004370795841168729
piperx_insert_copper_screw-task_only-fixed1500-seed1000-v1,474,0.006185255715990934,0.007018387338024855,-0.006130059719453129,0.011187456268817186,0.9931731825672955,0.0016481785147678194,0.33858267716535434,0.007135384134016931,0.0037839627057110192
piperx_insert_copper_screw-task_only-fixed1500-seed1000-v1,484,0.029981307889102027,0.03820235543250061,0.02160811927751638,0.06656107306480408,0.9776712140633582,0.006907788024643275,0.3779527559055118,0.05674618622288108,0.013010444235987961
piperx_insert_copper_screw-task_only-fixed1500-seed1000-v1,489,0.03223968636484642,0.03761100808781486,0.031979705394405755,0.06242586411535739,0.988921442959165,0.006906855191419444,0.4094488188976378,0.03799089463427663,0.008289842815429438
piperx_insert_copper_screw-task_only-fixed1500-seed1000-v1,497,0.008327342131451587,0.011541719883253301,-0.0006436907988245366,0.02336895689368248,0.9863921442959164,0.005798520901658404,0.4094488188976378,0.0122584393247962,0.008012864615011495
piperx_insert_copper_screw-task_only-fixed1500-seed1000-v1,500,0.023525267126387917,0.029323632318069434,0.022036455673514865,0.058431806415319434,0.9836797289873648,0.007210801212542404,0.4409448818897638,0.041825228836387396,0.005525593820493668
piperx_insert_copper_screw-task_only-fixed1500-seed1000-v1,502,0.014246981449105078,0.02251637419782382,0.013439973310596542,0.0358363926410675,0.964549761948361,0.006919312382512909,0.4251968503937008,0.028354626847431064,0.004756490248837508
piperx_insert_copper_screw-task_only-fixed1500-seed1000-v1,529,0.01353195146566577,0.0159772502758934,0.0022247704919209355,0.028423372656106945,0.9888584966123422,0.005724648145709451,0.4094488188976378,0.016023268457502127,0.012317886572418502
piperx_insert_copper_screw-task_only-fixed1500-seed1000-v1,544,0.014534567027567391,0.017070187193045438,-0.01451796364153779,0.02599892560392618,0.9894307361289139,0.0026277120841124396,0.3543307086614173,0.022903056116774678,0.0024385957349295495
piperx_insert_copper_screw-task_only-fixed1500-seed1000-v1,545,0.002838883668573544,0.004553292728622186,1.0048181593447225e-05,0.008204671833664159,0.9854193371177439,0.002122586747030104,0.3543307086614173,0.003587801824323833,0.00224622835048649
piperx_insert_copper_screw-task_only-fixed1500-seed1000-v1,548,0.005954555042535503,0.007537036244892633,-0.004008477687875711,0.014440722204744816,0.9854021699322468,0.002395112793452627,0.3937007874015748,0.0033162576146423817,0.004793812562638777
piperx_insert_copper_screw-task_only-fixed1500-seed1000-v1,556,0.00491129070860552,0.00666530969365556,0.0031186388428068312,0.01466713398694992,0.987199002014283,0.002709740061518245,0.4015748031496063,0.009782829321920872,0.0024417690929112723
piperx_insert_copper_screw-vision_only-fixed1500-seed1000-v1,11,0.009097978431782394,0.012240175559798042,0.0050652100590014015,0.02433570958673954,0.9840631294634681,0.005466700949537473,0.4094488188976378,0.019282068591564894,0.0028155006693850737
piperx_insert_copper_screw-vision_only-fixed1500-seed1000-v1,23,0.0316131917088569,0.037165325270416355,0.03133156427520589,0.06577568501234053,0.9874851217725691,0.0049826305242269995,0.41732283464566927,0.051944819977506995,0.007574641505925683
piperx_insert_copper_screw-vision_only-fixed1500-seed1000-v1,40,0.012991491837055946,0.015857295971291943,0.011323394383907726,0.027561480551958083,0.9939457059146676,0.0029447938858230753,0.3937007874015748,0.024592216359451413,0.003532505190378288
piperx_insert_copper_screw-vision_only-fixed1500-seed1000-v1,43,0.013235124957645894,0.015026820461408259,-0.009250753757441998,0.025342608615756032,0.9700318165171214,0.004002882384027787,0.4015748031496063,0.008948905626311898,0.01606252589408541
piperx_insert_copper_screw-vision_only-fixed1500-seed1000-v1,58,0.007460351635018014,0.010179854912272784,0.006489820914794109,0.022323391586542122,0.990884224501007,0.002578411914965534,0.3228346456692913,0.01617092965170741,0.002047660564130638
piperx_insert_copper_screw-vision_only-fixed1500-seed1000-v1,62,0.005107756569941557,0.0065297045260458274,-0.0015992891972018697,0.011359936743974682,0.982632530672038,0.0031614470493605755,0.36220472440944884,0.007646552752703428,0.003941507822673884
piperx_insert_copper_screw-vision_only-fixed1500-seed1000-v1,63,0.007102501734152611,0.008466704672599414,0.004094749824616883,0.016191164031624794,0.9834737227613989,0.0030515887407864643,0.3464566929133858,0.010389211820438504,0.004324729827203555
piperx_insert_copper_screw-vision_only-fixed1500-seed1000-v1,84,0.008055456838064856,0.009430476755347613,-0.00801694886149562,0.016761616989970203,0.9906209943233838,0.002185981167025688,0.3464566929133858,0.009733431274071336,0.0027843743901030393
piperx_insert_copper_screw-vision_only-fixed1500-seed1000-v1,86,0.005481461814724753,0.007205787890421929,-0.004715930490874598,0.015476516634225845,0.9902089818714519,0.0025677665862746126,0.4330708661417323,0.010916359955444932,0.0031390128806378925
piperx_insert_copper_screw-vision_only-fixed1500-seed1000-v1,90,0.01116623681400597,0.012112266875144623,-0.01116623681400597,0.018584647029638288,0.9881946987731185,0.0019365380386139933,0.4330708661417323,0.009505694964900613,0.008365028652406181
piperx_insert_copper_screw-vision_only-fixed1500-seed1000-v1,99,0.009579876291809342,0.0106695310757955,-0.009579876291809342,0.01769737675786017,0.9892533418787767,0.0024821734840534335,0.33858267716535434,0.011401557829231024,0.006031507158695604
piperx_insert_copper_screw-vision_only-fixed1500-seed1000-v1,171,0.019889085535851336,0.022963337810204577,-0.019889085535851336,0.041248283907771105,0.9936366965757186,0.0024558808361216794,0.3779527559055118,0.036002444103360176,0.006510785884529469
piperx_insert_copper_screw-vision_only-fixed1500-seed1000-v1,180,0.012254277391093638,0.013636784366786624,0.01078627699325807,0.021388629823923106,0.9714910272843802,0.0021224362467686963,0.41732283464566927,0.012344735441729426,0.005758883116868674
piperx_insert_copper_screw-vision_only-fixed1500-seed1000-v1,182,0.012454261182483606,0.013784035090040465,-0.012454261182483606,0.02315816543996334,0.9926409998168834,0.00174063209106955,0.36220472440944884,0.018876941525377333,0.00530851280745992
piperx_insert_copper_screw-vision_only-fixed1500-seed1000-v1,195,0.01618677425040005,0.01964914778584873,-0.01618170148185527,0.035500917583703995,0.9915022431789048,0.002520805129444036,0.3700787401574803,0.031997187761589885,0.00538933984535106
piperx_insert_copper_screw-vision_only-fixed1500-seed1000-v1,196,0.006731524599217664,0.007903917091395372,-0.005508459407337796,0.01404723022133112,0.9908727797106756,0.0020160449844763037,0.33858267716535434,0.00323350727558136,0.005946376133579179
piperx_insert_copper_screw-vision_only-fixed1500-seed1000-v1,205,0.009040778462349408,0.010690702480080739,-0.006682629540136986,0.019126066938042637,0.9636742354880059,0.003846376917992286,0.3700787401574803,0.014006269164383411,0.0038930667924432782
piperx_insert_copper_screw-vision_only-fixed1500-seed1000-v1,209,0.007609063911786507,0.008400946837454699,-0.005974939012503455,0.01290163956582546,0.9697800311298297,0.0024561905320440456,0.3700787401574803,0.008815061766654253,0.0069967303115845425
piperx_insert_copper_screw-vision_only-fixed1500-seed1000-v1,216,0.00396280975519403,0.00485199438964617,-0.0027888480803994753,0.008661895804107188,0.9897626350485258,0.0020500183890126353,0.36220472440944884,0.0026460494846105576,0.004686343936555204
piperx_insert_copper_screw-vision_only-fixed1500-seed1000-v1,222,0.01360705585739197,0.015099298506736483,-0.012280952977562265,0.023381427302956576,0.9690647317341147,0.004510832251980901,0.41732283464566927,0.015999274794012308,0.017205764041136717
piperx_insert_copper_screw-vision_only-fixed1500-seed1000-v1,230,0.010468581267105037,0.013814305975121977,0.0024745326250013022,0.02728433366864919,0.9150338765793811,0.0069001965925068135,0.4330708661417323,0.011846053879708052,0.005636854088152177
piperx_insert_copper_screw-vision_only-fixed1500-seed1000-v1,242,0.009561577845033753,0.01149553555123424,-0.009123954198457795,0.019805931486189355,0.9777513275956783,0.004053704180263394,0.4330708661417323,0.011530185118317604,0.0048937710398604395
piperx_insert_copper_screw-vision_only-fixed1500-seed1000-v1,255,0.00850407899451966,0.011064161681563066,0.005605294185443199,0.020744981430470936,0.9739344900201428,0.004976011996018136,0.4566929133858268,0.011620122008025646,0.003628426849900279
piperx_insert_copper_screw-vision_only-fixed1500-seed1000-v1,257,0.005441884410629427,0.0066766344447038535,-0.004951516881646967,0.011240169964730738,0.9880802508698042,0.0025537870714338277,0.4015748031496063,0.0021798028610646725,0.00543492072938534
piperx_insert_copper_screw-vision_only-fixed1500-seed1000-v1,266,0.008586451710925758,0.010782913774262291,-0.007138666734590515,0.019442382827401156,0.962421030946713,0.004601039835728529,0.44881889763779526,0.006318541709333658,0.004001187951871543
piperx_insert_copper_screw-vision_only-fixed1500-seed1000-v1,277,0.030165248601406347,0.03987018941727466,0.02744986861216603,0.08201952762901779,0.955313816150888,0.011647787168768681,0.3543307086614173,0.047849832801148295,0.007919913594378158
piperx_insert_copper_screw-vision_only-fixed1500-seed1000-v1,281,0.013936326794464549,0.017934735218646303,-0.009415425926817989,0.0339944951236248,0.9849615455044863,0.007741495244586327,0.4409448818897638,0.02428837539628148,0.005436481380456826
piperx_insert_copper_screw-vision_only-fixed1500-seed1000-v1,305,0.02727892864095338,0.0296621678034409,-0.02727892864095338,0.044197538867592805,0.9940658762131478,0.0043107066340157835,0.3543307086614173,0.035090371035039425,0.013586243621830363
piperx_insert_copper_screw-vision_only-fixed1500-seed1000-v1,313,0.014370439610502217,0.017011006753810346,0.0065689583934727125,0.03264909759163856,0.9886124336202159,0.0055264080581291924,0.4094488188976378,0.025777670554816723,0.007690114580327645
piperx_insert_copper_screw-vision_only-fixed1500-seed1000-v1,314,0.01361099546920741,0.016390288125642565,-0.007519848157244269,0.030153062380850314,0.9735053103827136,0.007874064697466028,0.4566929133858268,0.011112333741039038,0.014138914440991357
piperx_insert_copper_screw-vision_only-fixed1500-seed1000-v1,323,0.026024924572084274,0.02896116598124399,-0.026024924572084274,0.04585885182023048,0.9940773210034791,0.005174381845432708,0.3543307086614173,0.03725505853071809,0.0105973516292579
piperx_insert_copper_screw-vision_only-fixed1500-seed1000-v1,329,0.013298537244736508,0.015283513178225077,-0.01176530176326196,0.025758078694343566,0.9894822376854054,0.005987449145809872,0.3779527559055118,0.013296648859977722,0.011867713928950252
piperx_insert_copper_screw-vision_only-fixed1500-seed1000-v1,341,0.008984395849438442,0.012385455621801331,-0.002467097460794321,0.02455835398286581,0.9798972257828237,0.007331882823463969,0.4251968503937008,0.00951716722920537,0.005571674064412946
piperx_insert_copper_screw-vision_only-fixed1500-seed1000-v1,357,0.037813631002791226,0.050642886545491095,0.024458105908706784,0.10034708827733992,0.9597257828236586,0.013998974767315575,0.4566929133858268,0.08609757106751204,0.01069766329601407
piperx_insert_copper_screw-vision_only-fixed1500-seed1000-v1,362,0.023089538826752687,0.030309712850827727,0.019258159194578184,0.06074979081749916,0.9833535524629188,0.0063641572913785615,0.33858267716535434,0.04916258528828621,0.005860758377821185
piperx_insert_copper_screw-vision_only-fixed1500-seed1000-v1,391,0.05657858662198123,0.06675589465143715,0.05476259313400078,0.10993612967431544,0.9456200787401574,0.01135507350655522,0.4409448818897638,0.07663093879818916,0.010542058102146257
piperx_insert_copper_screw-vision_only-fixed1500-seed1000-v1,418,0.0038640069365101226,0.0046457195868283485,-0.002651399682235933,0.009040971286594868,0.9927783373008606,0.0019922945391768077,0.4251968503937008,0.0028436488937586546,0.005562759166423348
piperx_insert_copper_screw-vision_only-fixed1500-seed1000-v1,420,0.008111457570066705,0.00914228015127757,-0.008090480809642031,0.01390620097517967,0.9942718824391137,0.0016082803770078448,0.3543307086614173,0.01114349509589374,0.004329306875661132
piperx_insert_copper_screw-vision_only-fixed1500-seed1000-v1,422,0.011814728253284557,0.012831161992691706,-0.011773057912705553,0.019063478708267207,0.9925551638893975,0.0018913106347514888,0.3543307086614173,0.01695861085318029,0.007511498193707666
piperx_insert_copper_screw-vision_only-fixed1500-seed1000-v1,435,0.003126921968487295,0.003923972775975151,-0.00025150080864477786,0.0068724703043699245,0.9941002105841421,0.0016666222400376646,0.33858267716535434,0.0029986274894326925,0.002209058931839536
piperx_insert_copper_screw-vision_only-fixed1500-seed1000-v1,441,0.008182876288174157,0.009201836456071016,-0.005370891256006871,0.015115257352590557,0.9541578923274124,0.0033023980057497663,0.4015748031496063,0.009540860075503588,0.006239285268748063
piperx_insert_copper_screw-vision_only-fixed1500-seed1000-v1,450,0.004627941850685602,0.005627417327045144,-0.004301010141261941,0.010122682340443135,0.98963674235488,0.0017191305991232865,0.33858267716535434,0.006614001584239304,0.0038874966758157825
piperx_insert_copper_screw-vision_only-fixed1500-seed1000-v1,451,0.0044788143109144585,0.005483771481361395,-0.004114586755804339,0.010215205885469909,0.9899629188793261,0.0019594717763481645,0.4251968503937008,0.005690347519703209,0.0022270416284300154
piperx_insert_copper_screw-vision_only-fixed1500-seed1000-v1,466,0.008099309018234635,0.010794842258286736,0.006523872628804384,0.02417320068925619,0.9675654642006957,0.0033688890293064547,0.4409448818897638,0.004221684415824711,0.004498845033594989
piperx_insert_copper_screw-vision_only-fixed1500-seed1000-v1,470,0.011782192123519053,0.013689420695313283,0.011374450528364832,0.02234648838639259,0.9930873466398094,0.0016068651480233575,0.3228346456692913,0.020595626207068563,0.0033021067811205285
piperx_insert_copper_screw-vision_only-fixed1500-seed1000-v1,474,0.006362354394241265,0.006999613691440845,-0.006334091722692392,0.011001538671553134,0.9963376670939388,0.001433753331492501,0.30708661417322836,0.00658734084572643,0.004382566536150989
piperx_insert_copper_screw-vision_only-fixed1500-seed1000-v1,484,0.027228657039813697,0.034478959925834184,0.022066289326176047,0.06249828487634659,0.9844694195202344,0.006442356700678979,0.33858267716535434,0.05144011043012142,0.0069688495714217424
piperx_insert_copper_screw-vision_only-fixed1500-seed1000-v1,489,0.03202789528404537,0.03752969393197331,0.03146886222566536,0.07301877140998839,0.9867125984251968,0.006074583377894454,0.36220472440944884,0.037996748462319374,0.006976548516831826
piperx_insert_copper_screw-vision_only-fixed1500-seed1000-v1,497,0.013885362875953433,0.017743799012220757,0.00828469435327861,0.038695783168077466,0.9908785021058413,0.005332234047910595,0.36220472440944884,0.02151486766524613,0.008657754813611973
piperx_insert_copper_screw-vision_only-fixed1500-seed1000-v1,500,0.025236375182430493,0.03303473347694646,0.023249464498803718,0.07145692855119705,0.9771733656839406,0.007663634180377318,0.4251968503937008,0.05120095610618591,0.006443904552725144
piperx_insert_copper_screw-vision_only-fixed1500-seed1000-v1,502,0.009486740607826505,0.013935874944752139,0.004146056475292426,0.023691828548908198,0.9748615180369894,0.006576463866128227,0.4330708661417323,0.014587030280381441,0.005081013456219807
piperx_insert_copper_screw-vision_only-fixed1500-seed1000-v1,529,0.012393015192174062,0.014708035580407529,-0.003176252927914902,0.027350174449384212,0.9877025727888665,0.005468936550878282,0.3779527559055118,0.010921042412519455,0.012517808889242588
piperx_insert_copper_screw-vision_only-fixed1500-seed1000-v1,544,0.011797872666193143,0.01330886110952805,-0.011757184521684394,0.020263275131583214,0.98832631386193,0.00221932106688032,0.3858267716535433,0.016056923661381006,0.0035109673754050164
piperx_insert_copper_screw-vision_only-fixed1500-seed1000-v1,545,0.003603113600092911,0.0045653877572874695,-0.00131924571496711,0.007927374355494968,0.9860545229811389,0.0019169422673193488,0.36220472440944884,0.004513478139415383,0.0036308210237621097
piperx_insert_copper_screw-vision_only-fixed1500-seed1000-v1,548,0.005330904717538942,0.006382654130338525,-0.002898490154166211,0.012948692869395012,0.9899171397180003,0.0017563026603751295,0.3937007874015748,0.0041974131017923355,0.004871408962571877
piperx_insert_copper_screw-vision_only-fixed1500-seed1000-v1,556,0.004087887614787178,0.0053152132721012435,0.0017965986066883488,0.01068822257220745,0.9881431972166269,0.002630117070663163,0.4094488188976378,0.006303325295448303,0.0027583613318711286
